{"cameraMode":{"drawMode":0,"name":"Shaded","section":"Shading Mode"},"sceneLighting":false,"audioPlay":false,"sceneViewState":{"showFog":true,"showMaterialUpdate":false,"showSkybox":true,"showFlares":true,"showImageEffects":true,"showParticleSystems":true},"in2DMode":false,"pivot":{"x":-7.911394119262695,"y":12.662546157836914,"z":0.6761883497238159},"rotation":{"x":-0.12890641391277314,"y":-0.02617811970412731,"z":0.0034040980972349645,"w":-0.991305410861969},"size":3.407449245452881,"orthographic":false}