{"cameraMode":{"drawMode":0,"name":"Shaded","section":"Shading Mode"},"sceneLighting":false,"audioPlay":false,"sceneViewState":{"showFog":true,"showMaterialUpdate":false,"showSkybox":true,"showFlares":true,"showImageEffects":true,"showParticleSystems":true},"in2DMode":false,"pivot":{"x":-2.835747241973877,"y":12.543004035949707,"z":0.6513842344284058},"rotation":{"x":-0.12890641391277314,"y":-0.02617811970412731,"z":0.0034040980972349645,"w":-0.991305410861969},"size":4.90745210647583,"orthographic":false}