{"cameraMode":{"drawMode":0,"name":"Shaded","section":"Shading Mode"},"sceneLighting":true,"audioPlay":false,"sceneViewState":{"showFog":true,"showMaterialUpdate":false,"showSkybox":true,"showFlares":true,"showImageEffects":true,"showParticleSystems":true},"in2DMode":false,"pivot":{"x":-1.290884017944336,"y":1.7504128217697144,"z":2.1443915367126467},"rotation":{"x":-0.009033736772835255,"y":-0.24235209822654725,"z":0.002256963402032852,"w":-0.970143735408783},"size":28.683666229248048,"orthographic":false}