{"cameraMode":{"drawMode":0,"name":"Shaded","section":"Shading Mode"},"sceneLighting":false,"audioPlay":false,"sceneViewState":{"showFog":true,"showMaterialUpdate":false,"showSkybox":true,"showFlares":true,"showImageEffects":true,"showParticleSystems":true},"in2DMode":false,"pivot":{"x":-13.843274116516114,"y":14.021649360656739,"z":1.5100101232528687},"rotation":{"x":0.2426099330186844,"y":0.06890532374382019,"z":0.01727829873561859,"w":-0.9675195217132568},"size":5.726754665374756,"orthographic":false}