{"cameraMode":{"drawMode":0,"name":"Shaded","section":"Shading Mode"},"sceneLighting":false,"audioPlay":false,"sceneViewState":{"showFog":true,"showMaterialUpdate":false,"showSkybox":true,"showFlares":true,"showImageEffects":true,"showParticleSystems":true},"in2DMode":false,"pivot":{"x":0.10418954491615296,"y":-0.19373419880867005,"z":-0.020419172942638398},"rotation":{"x":-0.04529604688286781,"y":-0.0023985630832612516,"z":0.00010895000741584226,"w":-0.9989707469940186},"size":2.2010374069213869,"orthographic":false}