{"cameraMode":{"drawMode":0,"name":"Shaded","section":"Shading Mode"},"sceneLighting":false,"audioPlay":false,"sceneViewState":{"showFog":true,"showMaterialUpdate":false,"showSkybox":true,"showFlares":true,"showImageEffects":true,"showParticleSystems":true},"in2DMode":false,"pivot":{"x":0.41035234928131106,"y":-0.9065408706665039,"z":8.942093849182129},"rotation":{"x":-0.033298809081315997,"y":-0.020389318466186525,"z":0.0006796351517550647,"w":-0.9992372393608093},"size":11.585155487060547,"orthographic":false}