{"cameraMode":{"drawMode":0,"name":"Shaded","section":"Shading Mode"},"sceneLighting":false,"audioPlay":false,"sceneViewState":{"showFog":true,"showMaterialUpdate":false,"showSkybox":true,"showFlares":true,"showImageEffects":true,"showParticleSystems":true},"in2DMode":false,"pivot":{"x":0.02504390850663185,"y":0.10527287423610687,"z":0.010454095900058747},"rotation":{"x":-0.05724657326936722,"y":-0.033838871866464618,"z":0.0019415027927607298,"w":-0.9977845549583435},"size":0.4041658639907837,"orthographic":false}