{"cameraMode":{"drawMode":0,"name":"Shaded","section":"Shading Mode"},"sceneLighting":false,"audioPlay":false,"sceneViewState":{"showFog":true,"showMaterialUpdate":false,"showSkybox":true,"showFlares":true,"showImageEffects":true,"showParticleSystems":true},"in2DMode":false,"pivot":{"x":-0.18279409408569337,"y":7.767963409423828,"z":0.05875157192349434},"rotation":{"x":-0.04227885603904724,"y":-0.030868463218212129,"z":0.0013070690911263228,"w":-0.9986280798912048},"size":22.0,"orthographic":false}